{"cameraMode":{"drawMode":0,"name":"Shaded","section":"Shading Mode"},"sceneLighting":true,"audioPlay":false,"sceneViewState":{"showFog":true,"showMaterialUpdate":false,"showSkybox":true,"showFlares":true,"showImageEffects":true,"showParticleSystems":true},"in2DMode":false,"pivot":{"x":-0.14878958463668824,"y":0.12377462536096573,"z":1.4663515090942383},"rotation":{"x":0.009333217516541481,"y":0.9891223311424255,"z":-0.1286221444606781,"w":0.07195901870727539},"size":0.6418662667274475,"orthographic":true}