{"cameraMode":{"drawMode":0,"name":"Shaded","section":"Shading Mode"},"sceneLighting":true,"audioPlay":false,"sceneViewState":{"showFog":true,"showMaterialUpdate":false,"showSkybox":true,"showFlares":true,"showImageEffects":true,"showParticleSystems":true},"in2DMode":false,"pivot":{"x":-0.00003271177411079407,"y":0.02352435141801834,"z":0.04746268689632416},"rotation":{"x":-0.14846059679985047,"y":0.2669728100299835,"z":-0.0416613407433033,"w":-0.9513124227523804},"size":0.071448914706707,"orthographic":false}